{
  "humidity": [
    75.18477298830415,
    2.0698808591840234
  ],
  "temperature": [
    26.83605538606442,
    0.29350426582390293
  ]
}